-- ===== PieceStorage ====

INSERT INTO PieceStorage (piece_type, amount) VALUES (1, 0);
INSERT INTO PieceStorage (piece_type, amount) VALUES (2, 0);
INSERT INTO PieceStorage (piece_type, amount) VALUES (3, 0);
INSERT INTO PieceStorage (piece_type, amount) VALUES (4, 0);
INSERT INTO PieceStorage (piece_type, amount) VALUES (5, 0);
INSERT INTO PieceStorage (piece_type, amount) VALUES (6, 0);
INSERT INTO PieceStorage (piece_type, amount) VALUES (7, 0);
INSERT INTO PieceStorage (piece_type, amount) VALUES (8, 0);
INSERT INTO PieceStorage (piece_type, amount) VALUES (9, 0);


-- ===== Machine ====

INSERT INTO Machine (id_mac, total_time) VALUES (0, 0);
INSERT INTO Machine (id_mac, total_time) VALUES (1, 0);
INSERT INTO Machine (id_mac, total_time) VALUES (2, 0);
INSERT INTO Machine (id_mac, total_time) VALUES (3, 0);
INSERT INTO Machine (id_mac, total_time) VALUES (4, 0);
INSERT INTO Machine (id_mac, total_time) VALUES (5, 0);
INSERT INTO Machine (id_mac, total_time) VALUES (6, 0);
INSERT INTO Machine (id_mac, total_time) VALUES (7, 0);


-- ===== MachineStat ====

-- Machine 0
INSERT INTO MachineStat (id_mac, piece_type, piece_count) VALUES (0, 1, 0);
INSERT INTO MachineStat (id_mac, piece_type, piece_count) VALUES (0, 2, 0);
INSERT INTO MachineStat (id_mac, piece_type, piece_count) VALUES (0, 3, 0);
INSERT INTO MachineStat (id_mac, piece_type, piece_count) VALUES (0, 4, 0);
INSERT INTO MachineStat (id_mac, piece_type, piece_count) VALUES (0, 5, 0);
INSERT INTO MachineStat (id_mac, piece_type, piece_count) VALUES (0, 6, 0);
INSERT INTO MachineStat (id_mac, piece_type, piece_count) VALUES (0, 7, 0);
INSERT INTO MachineStat (id_mac, piece_type, piece_count) VALUES (0, 8, 0);
INSERT INTO MachineStat (id_mac, piece_type, piece_count) VALUES (0, 9, 0);
-- Machine 1
INSERT INTO MachineStat (id_mac, piece_type, piece_count) VALUES (1, 1, 0);
INSERT INTO MachineStat (id_mac, piece_type, piece_count) VALUES (1, 2, 0);
INSERT INTO MachineStat (id_mac, piece_type, piece_count) VALUES (1, 3, 0);
INSERT INTO MachineStat (id_mac, piece_type, piece_count) VALUES (1, 4, 0);
INSERT INTO MachineStat (id_mac, piece_type, piece_count) VALUES (1, 5, 0);
INSERT INTO MachineStat (id_mac, piece_type, piece_count) VALUES (1, 6, 0);
INSERT INTO MachineStat (id_mac, piece_type, piece_count) VALUES (1, 7, 0);
INSERT INTO MachineStat (id_mac, piece_type, piece_count) VALUES (1, 8, 0);
INSERT INTO MachineStat (id_mac, piece_type, piece_count) VALUES (1, 9, 0);
-- Machine 2
INSERT INTO MachineStat (id_mac, piece_type, piece_count) VALUES (2, 1, 0);
INSERT INTO MachineStat (id_mac, piece_type, piece_count) VALUES (2, 2, 0);
INSERT INTO MachineStat (id_mac, piece_type, piece_count) VALUES (2, 3, 0);
INSERT INTO MachineStat (id_mac, piece_type, piece_count) VALUES (2, 4, 0);
INSERT INTO MachineStat (id_mac, piece_type, piece_count) VALUES (2, 5, 0);
INSERT INTO MachineStat (id_mac, piece_type, piece_count) VALUES (2, 6, 0);
INSERT INTO MachineStat (id_mac, piece_type, piece_count) VALUES (2, 7, 0);
INSERT INTO MachineStat (id_mac, piece_type, piece_count) VALUES (2, 8, 0);
INSERT INTO MachineStat (id_mac, piece_type, piece_count) VALUES (2, 9, 0);
-- Machine 3
INSERT INTO MachineStat (id_mac, piece_type, piece_count) VALUES (3, 1, 0);
INSERT INTO MachineStat (id_mac, piece_type, piece_count) VALUES (3, 2, 0);
INSERT INTO MachineStat (id_mac, piece_type, piece_count) VALUES (3, 3, 0);
INSERT INTO MachineStat (id_mac, piece_type, piece_count) VALUES (3, 4, 0);
INSERT INTO MachineStat (id_mac, piece_type, piece_count) VALUES (3, 5, 0);
INSERT INTO MachineStat (id_mac, piece_type, piece_count) VALUES (3, 6, 0);
INSERT INTO MachineStat (id_mac, piece_type, piece_count) VALUES (3, 7, 0);
INSERT INTO MachineStat (id_mac, piece_type, piece_count) VALUES (3, 8, 0);
INSERT INTO MachineStat (id_mac, piece_type, piece_count) VALUES (3, 9, 0);
-- Machine 4
INSERT INTO MachineStat (id_mac, piece_type, piece_count) VALUES (4, 1, 0);
INSERT INTO MachineStat (id_mac, piece_type, piece_count) VALUES (4, 2, 0);
INSERT INTO MachineStat (id_mac, piece_type, piece_count) VALUES (4, 3, 0);
INSERT INTO MachineStat (id_mac, piece_type, piece_count) VALUES (4, 4, 0);
INSERT INTO MachineStat (id_mac, piece_type, piece_count) VALUES (4, 5, 0);
INSERT INTO MachineStat (id_mac, piece_type, piece_count) VALUES (4, 6, 0);
INSERT INTO MachineStat (id_mac, piece_type, piece_count) VALUES (4, 7, 0);
INSERT INTO MachineStat (id_mac, piece_type, piece_count) VALUES (4, 8, 0);
INSERT INTO MachineStat (id_mac, piece_type, piece_count) VALUES (4, 9, 0);
-- Machine 5
INSERT INTO MachineStat (id_mac, piece_type, piece_count) VALUES (5, 1, 0);
INSERT INTO MachineStat (id_mac, piece_type, piece_count) VALUES (5, 2, 0);
INSERT INTO MachineStat (id_mac, piece_type, piece_count) VALUES (5, 3, 0);
INSERT INTO MachineStat (id_mac, piece_type, piece_count) VALUES (5, 4, 0);
INSERT INTO MachineStat (id_mac, piece_type, piece_count) VALUES (5, 5, 0);
INSERT INTO MachineStat (id_mac, piece_type, piece_count) VALUES (5, 6, 0);
INSERT INTO MachineStat (id_mac, piece_type, piece_count) VALUES (5, 7, 0);
INSERT INTO MachineStat (id_mac, piece_type, piece_count) VALUES (5, 8, 0);
INSERT INTO MachineStat (id_mac, piece_type, piece_count) VALUES (5, 9, 0);
-- Machine 6
INSERT INTO MachineStat (id_mac, piece_type, piece_count) VALUES (6, 1, 0);
INSERT INTO MachineStat (id_mac, piece_type, piece_count) VALUES (6, 2, 0);
INSERT INTO MachineStat (id_mac, piece_type, piece_count) VALUES (6, 3, 0);
INSERT INTO MachineStat (id_mac, piece_type, piece_count) VALUES (6, 4, 0);
INSERT INTO MachineStat (id_mac, piece_type, piece_count) VALUES (6, 5, 0);
INSERT INTO MachineStat (id_mac, piece_type, piece_count) VALUES (6, 6, 0);
INSERT INTO MachineStat (id_mac, piece_type, piece_count) VALUES (6, 7, 0);
INSERT INTO MachineStat (id_mac, piece_type, piece_count) VALUES (6, 8, 0);
INSERT INTO MachineStat (id_mac, piece_type, piece_count) VALUES (6, 9, 0);
-- Machine 7
INSERT INTO MachineStat (id_mac, piece_type, piece_count) VALUES (7, 1, 0);
INSERT INTO MachineStat (id_mac, piece_type, piece_count) VALUES (7, 2, 0);
INSERT INTO MachineStat (id_mac, piece_type, piece_count) VALUES (7, 3, 0);
INSERT INTO MachineStat (id_mac, piece_type, piece_count) VALUES (7, 4, 0);
INSERT INTO MachineStat (id_mac, piece_type, piece_count) VALUES (7, 5, 0);
INSERT INTO MachineStat (id_mac, piece_type, piece_count) VALUES (7, 6, 0);
INSERT INTO MachineStat (id_mac, piece_type, piece_count) VALUES (7, 7, 0);
INSERT INTO MachineStat (id_mac, piece_type, piece_count) VALUES (7, 8, 0);
INSERT INTO MachineStat (id_mac, piece_type, piece_count) VALUES (7, 9, 0);
